[{
  "_id": {
    "$oid": "63dd63ef4fdc229c09580ed0"
  },
  "id": 1001,
  "subject": "Math",
  "location": "London",
  "price": 100,
  "spaces": 10,
  "availableSpaces": 7,
  "image": "icon.png"
},{
  "_id": {
    "$oid": "63dd63fd4fdc229c09580ed2"
  },
  "id": 1002,
  "subject": "English",
  "location": "Oxford",
  "price": 90,
  "spaces": 5,
  "availableSpaces": 5,
  "image": "icon2.png"
},{
  "_id": {
    "$oid": "63dd640d4fdc229c09580ed4"
  },
  "id": 1003,
  "subject": "Comp Science",
  "location": "Bristol",
  "price": 100,
  "spaces": 5,
  "availableSpaces": 3,
  "image": "icon3.png"
},{
  "_id": {
    "$oid": "63dd64184fdc229c09580ed6"
  },
  "id": 1004,
  "subject": "Databases",
  "location": "York",
  "price": 100,
  "spaces": 5,
  "availableSpaces": 2,
  "image": "icon4.png"
},{
  "_id": {
    "$oid": "63dd64244fdc229c09580ed8"
  },
  "id": 1005,
  "subject": "Security",
  "location": "London",
  "price": 100,
  "spaces": 5,
  "availableSpaces": 5,
  "image": "icon5.png"
},{
  "_id": {
    "$oid": "63dd64334fdc229c09580eda"
  },
  "id": 1006,
  "subject": "Game Design",
  "location": "Oxford",
  "price": 90,
  "spaces": 5,
  "availableSpaces": 5,
  "image": "icon6.png"
},{
  "_id": {
    "$oid": "63dd64434fdc229c09580edc"
  },
  "id": 1007,
  "subject": "Music",
  "location": "Cambridge",
  "price": 70,
  "spaces": 5,
  "availableSpaces": 7,
  "image": "icon7.png"
},{
  "_id": {
    "$oid": "63dd644f4fdc229c09580ede"
  },
  "id": 1008,
  "subject": "E-commerce",
  "location": "York",
  "price": 90,
  "spaces": 5,
  "availableSpaces": 5,
  "image": "icon8.png"
},{
  "_id": {
    "$oid": "63dd645f4fdc229c09580ee0"
  },
  "id": 1009,
  "subject": "Crypto",
  "location": "Exeter",
  "price": 100,
  "spaces": 5,
  "availableSpaces": 5,
  "image": "icon9.png"
},{
  "_id": {
    "$oid": "63dd646b4fdc229c09580ee2"
  },
  "id": 1010,
  "subject": "Geography",
  "location": "Essex",
  "price": 70,
  "spaces": 5,
  "availableSpaces": 4,
  "image": "icon10.png"
},{
  "_id": {
    "$oid": "63deefb5b5351a46b2eeab97"
  },
  "id": 1011,
  "subject": "Sports",
  "location": "London",
  "price": 70,
  "spaces": 5,
  "availableSpaces": 4,
  "image": "icon11.png"
},{
  "_id": {
    "$oid": "63e00d5b7920c7849d9d0a26"
  },
  "id": 1022,
  "subject": "English2",
  "location": "Oxford",
  "price": 100,
  "spaces": 5,
  "availableSpaces": 5,
  "image": "icon2.png"
},{
  "_id": {
    "$oid": "63e0415011f8cc35e9e04545"
  },
  "id": 1022,
  "subject": "English2",
  "location": "Oxford",
  "price": 100,
  "spaces": 5,
  "availableSpaces": 5,
  "image": "icon2.png"
}]