{
	"info": {
		"_postman_id": "f5ed7f31-4e48-4b99-8874-0b2ab5e86c1c",
		"name": "products",
		"schema": "https://schema.getpostman.com/json/collection/v2.1.0/collection.json",
		"_exporter_id": "25467740"
	},
	"item": [
		{
			"name": "READALL",
			"event": [
				{
					"listen": "test",
					"script": {
						"exec": [
							"pm.test(\"Status test\", function () {\r",
							"pm.response.to.have.status(200);\r",
							"var json = pm.response.json();\r",
							"pm.expect(json[0].id).to.equal(1001);\r",
							"pm.expect(json.length).to.equal(11);\r",
							"});"
						],
						"type": "text/javascript"
					}
				}
			],
			"request": {
				"method": "GET",
				"header": [],
				"url": {
					"raw": "{{base_url}}/collections/products",
					"host": [
						"{{base_url}}"
					],
					"path": [
						"collections",
						"products"
					]
				}
			},
			"response": []
		},
		{
			"name": "READ by Limit, Title, SortAspect",
			"event": [
				{
					"listen": "test",
					"script": {
						"exec": [
							"pm.test(\"Status test\", function () {\r",
							"pm.response.to.have.status(200);\r",
							"var json = pm.response.json();\r",
							"pm.expect(json[0].id).to.equal(1001);\r",
							"pm.expect(json.length).to.equal(2);\r",
							"});"
						],
						"type": "text/javascript"
					}
				}
			],
			"request": {
				"method": "GET",
				"header": [],
				"url": {
					"raw": "{{base_url}}/collections/products/2/title/desc",
					"host": [
						"{{base_url}}"
					],
					"path": [
						"collections",
						"products",
						"2",
						"title",
						"desc"
					]
				}
			},
			"response": []
		},
		{
			"name": "READ by _id",
			"event": [
				{
					"listen": "test",
					"script": {
						"exec": [
							"pm.test(\"Status test\", function () {\r",
							"pm.response.to.have.status(200);\r",
							"var json = pm.response.json();\r",
							"pm.expect(json.id).to.equal(1001);\r",
							"});"
						],
						"type": "text/javascript"
					}
				}
			],
			"request": {
				"method": "GET",
				"header": [],
				"url": {
					"raw": "{{base_url}}/collections/products/63dd63ef4fdc229c09580ed0",
					"host": [
						"{{base_url}}"
					],
					"path": [
						"collections",
						"products",
						"63dd63ef4fdc229c09580ed0"
					]
				}
			},
			"response": []
		},
		{
			"name": "DELETE by _id",
			"event": [
				{
					"listen": "test",
					"script": {
						"exec": [
							"pm.test(\"Status test\", function () {\r",
							"pm.response.to.have.status(200);\r",
							"var json = pm.response.json();\r",
							"pm.expect(json.msg).to.equal(\"success\");\r",
							"});"
						],
						"type": "text/javascript"
					}
				}
			],
			"request": {
				"method": "DELETE",
				"header": [],
				"url": {
					"raw": "{{base_url}}/collections/products/63dd64754fdc229c09580ee4",
					"host": [
						"{{base_url}}"
					],
					"path": [
						"collections",
						"products",
						"63dd64754fdc229c09580ee4"
					]
				}
			},
			"response": []
		},
		{
			"name": "CREATE 1 Product",
			"event": [
				{
					"listen": "test",
					"script": {
						"exec": [
							"pm.test(\"Status test\", function () {\r",
							"pm.response.to.have.status(200);\r",
							"var json = pm.response.json();\r",
							"pm.expect(json.acknowledged).to.equal(true);\r",
							"});"
						],
						"type": "text/javascript"
					}
				}
			],
			"request": {
				"method": "POST",
				"header": [],
				"body": {
					"mode": "raw",
					"raw": "{\r\n    \"id\": 1012,\r\n    \"subject\": \"Sportss\",\r\n    \"location\": \"Londons\",\r\n    \"price\": 70,\r\n    \"spaces\": 5,\r\n    \"availableSpaces\": 5,\r\n    \"image\": \"icon11.png\"\r\n}",
					"options": {
						"raw": {
							"language": "json"
						}
					}
				},
				"url": {
					"raw": "{{base_url}}/collections/products",
					"host": [
						"{{base_url}}"
					],
					"path": [
						"collections",
						"products"
					]
				}
			},
			"response": []
		},
		{
			"name": "UPDATE 1 Product",
			"event": [
				{
					"listen": "test",
					"script": {
						"exec": [
							"pm.test(\"Status test\", function () {\r",
							"pm.response.to.have.status(200);\r",
							"var json = pm.response.json();\r",
							"pm.expect(json.msg).to.equal(\"success\");\r",
							"});"
						],
						"type": "text/javascript"
					}
				}
			],
			"request": {
				"method": "PUT",
				"header": [],
				"body": {
					"mode": "raw",
					"raw": "{\r\n    \"id\": 1019,\r\n    \"price\": 80,\r\n    \"spaces\": 5,\r\n    \"availableSpaces\": 3\r\n}",
					"options": {
						"raw": {
							"language": "json"
						}
					}
				},
				"url": {
					"raw": "{{base_url}}/collections/products/63defb2656863142dabf9a27",
					"host": [
						"{{base_url}}"
					],
					"path": [
						"collections",
						"products",
						"63defb2656863142dabf9a27"
					]
				}
			},
			"response": []
		}
	]
}